opcs,OPCS_4CHAR_Meaning,OPCS_3CHAR,OPCS_3CHAR_Meaning,Mapping1,Mapping2,CorectRMapping
G45,G45 Diagnostic fibreoptic endoscopic examination of upper gastrointestinal tract,G45,G45 Diagnostic fibreoptic endoscopic examination of upper gastrointestinal tract,Diagnostic endoscope of upper GI,Testing,
G45,G45 Diagnostic fibreoptic endoscopic examination of upper gastrointestinal tract,G45,G45 Diagnostic fibreoptic endoscopic examination of upper gastrointestinal tract,Diagnostic endoscope of upper GI,Testing,
G451,G45.1 Fibreoptic endoscopic examination of upper gastrointestinal tract and biopsy of lesion of upper gastrointestinal tract,G45,G45 Diagnostic fibreoptic endoscopic examination of upper gastrointestinal tract,Diagnostic endoscope of upper GI,Testing,
G451,G45.1 Fibreoptic endoscopic examination of upper gastrointestinal tract and biopsy of lesion of upper gastrointestinal tract,G45,G45 Diagnostic fibreoptic endoscopic examination of upper gastrointestinal tract,Diagnostic endoscope of upper GI,Testing,
G452,G45.2 Fibreoptic endoscopic ultrasound examination of upper gastrointestinal tract,G45,G45 Diagnostic fibreoptic endoscopic examination of upper gastrointestinal tract,Diagnostic endoscope of upper GI,Testing,
G452,G45.2 Fibreoptic endoscopic ultrasound examination of upper gastrointestinal tract,G45,G45 Diagnostic fibreoptic endoscopic examination of upper gastrointestinal tract,Diagnostic endoscope of upper GI,Testing,
G453,G45.3 Fibreoptic endoscopic insertion of Bravo pH capsule into upper gastrointestinal tract,G45,G45 Diagnostic fibreoptic endoscopic examination of upper gastrointestinal tract,Diagnostic endoscope of upper GI,Testing,
G453,G45.3 Fibreoptic endoscopic insertion of Bravo pH capsule into upper gastrointestinal tract,G45,G45 Diagnostic fibreoptic endoscopic examination of upper gastrointestinal tract,Diagnostic endoscope of upper GI,Testing,
G454,G45.4 Fibreoptic endoscopic examination of upper gastrointestinal tract and staining of gastric mucosa,G45,G45 Diagnostic fibreoptic endoscopic examination of upper gastrointestinal tract,Diagnostic endoscope of upper GI,Testing,
G454,G45.4 Fibreoptic endoscopic examination of upper gastrointestinal tract and staining of gastric mucosa,G45,G45 Diagnostic fibreoptic endoscopic examination of upper gastrointestinal tract,Diagnostic endoscope of upper GI,Testing,
G458,G45.8 Other specified diagnostic fibreoptic endoscopic examination of upper gastrointestinal tract,G45,G45 Diagnostic fibreoptic endoscopic examination of upper gastrointestinal tract,Diagnostic endoscope of upper GI,Testing,
G458,G45.8 Other specified diagnostic fibreoptic endoscopic examination of upper gastrointestinal tract,G45,G45 Diagnostic fibreoptic endoscopic examination of upper gastrointestinal tract,Diagnostic endoscope of upper GI,Testing,
G459,G45.9 Unspecified diagnostic fibreoptic endoscopic examination of upper gastrointestinal tract,G45,G45 Diagnostic fibreoptic endoscopic examination of upper gastrointestinal tract,Diagnostic endoscope of upper GI,Testing,
G459,G45.9 Unspecified diagnostic fibreoptic endoscopic examination of upper gastrointestinal tract,G45,G45 Diagnostic fibreoptic endoscopic examination of upper gastrointestinal tract,Diagnostic endoscope of upper GI,Testing,
G74,G74 Creation of artificial opening into ileum ,G74,G74 Creation of artificial opening into ileum ,Stoma,Maintance,
G741,G74.1  Creation of continent ileostomy ,G75,G74 Creation of artificial opening into ileum ,Stoma opened,Maintance,Stoma
G742,G74.2  Creation of temporary ileostomy ,G76,G74 Creation of artificial opening into ileum ,Stoma opened,Maintance,Stoma
G743,G74.3  Creation of defunctioning ileostomy ,G77,G74 Creation of artificial opening into ileum ,Stoma opened,Maintance,Stoma
G748,G74.8  Other specified ,G78,G74 Creation of artificial opening into ileum ,Stoma opened,Maintance,Stoma
G749,G74.9  Unspecified,G79,G74 Creation of artificial opening into ileum ,Stoma opened,Maintance,Stoma
G75,G75 Attention to artificial opening into ileum ,G75,G75 Attention to artificial opening into ileum ,Attention to stoma,Maintance,
G751,G75.1  Refashioning of ileostomy ,G75,G75 Attention to artificial opening into ileum ,Attention to stoma,Maintance,
G752,G75.2  Repair of prolapse of ileostomy,G75,G75 Attention to artificial opening into ileum ,Attention to stoma,Maintance,
G753,G75.3  Closure of ileostomy ,G75,G75 Attention to artificial opening into ileum ,Closure of stoma ,Maintance,Closure of stoma
G754,G75.4  Dilation of ileostomy ,G75,G75 Attention to artificial opening into ileum ,Attention to stoma,Maintance,
G755,G75.5  Reduction of prolapse of ileostomy ,G75,G75 Attention to artificial opening into ileum ,Attention to stoma,Maintance,
G756,G75.6  Resiting of ileostomy ,G75,G75 Attention to artificial opening into ileum ,Attention to stoma,Maintance,
G758,G75.8  Other specified ,G75,G75 Attention to artificial opening into ileum ,Attention to stoma,Maintance,
G759,G75.9  Unspecified ,G75,G75 Attention to artificial opening into ileum ,Attention to stoma,Maintance,
H04,H04 Total excision of colon and rectum,H04,H04 Total excision of colon and rectum,Major Resection,Primary Treatment,Major Resection
H041,H04.1 Panproctocolectomy and ileostomy,H04,H04 Total excision of colon and rectum,Major Resection,Primary Treatment,Major Resection
H042,H04.2 Panproctocolectomy and anastomosis of ileum to anus and creation of pouch HFQ,H04,H04 Total excision of colon and rectum,Major Resection,Primary Treatment,Major Resection
H043,H04.3 Panproctocolectomy and anastomosis of ileum to anus NEC,H04,H04 Total excision of colon and rectum,Major Resection,Primary Treatment,Major Resection
H048,H04.8 Other specified total excision of colon and rectum,H04,H04 Total excision of colon and rectum,Major Resection,Primary Treatment,Major Resection
H049,H04.9 Unspecified total excision of colon and rectum,H04,H04 Total excision of colon and rectum,Major Resection,Primary Treatment,Major Resection
H05,H05 Total excision of colon,H05,H05 Total excision of colon,Major Resection,Primary Treatment,Major Resection
H051,H05.1 Total colectomy and anastomosis of ileum to rectum,H05,H05 Total excision of colon,Major Resection,Primary Treatment,Major Resection
H052,H05.2 Total colectomy and ileostomy and creation of rectal fistula HFQ,H05,H05 Total excision of colon,Major Resection,Primary Treatment,Major Resection
H053,H05.3 Total colectomy and ileostomy NEC,H05,H05 Total excision of colon,Major Resection,Primary Treatment,Major Resection
H058,H05.8 Other specified total excision of colon,H05,H05 Total excision of colon,Major Resection,Primary Treatment,Major Resection
H059,H05.9 Unspecified total excision of colon,H05,H05 Total excision of colon,Major Resection,Primary Treatment,Major Resection
H06,H06 Extended excision of right hemicolon,H06,H06 Extended excision of right hemicolon,Major Resection,Primary Treatment,Major Resection
H061,H06.1 Extended right hemicolectomy and end to end anastomosis,H06,H06 Extended excision of right hemicolon,Major Resection,Primary Treatment,Major Resection
H062,H06.2 Extended right hemicolectomy and anastomosis of ileum to colon,H06,H06 Extended excision of right hemicolon,Major Resection,Primary Treatment,Major Resection
H063,H06.3 Extended right hemicolectomy and anastomosis NEC,H06,H06 Extended excision of right hemicolon,Major Resection,Primary Treatment,Major Resection
H064,H06.4 Extended right hemicolectomy and ileostomy HFQ,H06,H06 Extended excision of right hemicolon,Major Resection,Primary Treatment,Major Resection
H065,H06.5 Extended right hemicolectomy and end to side anastomosis,H06,H06 Extended excision of right hemicolon,Major Resection,Primary Treatment,Major Resection
H068,H06.8 Other specified extended excision of right hemicolon,H06,H06 Extended excision of right hemicolon,Major Resection,Primary Treatment,Major Resection
H069,H06.9 Unspecified extended excision of right hemicolon,H06,H06 Extended excision of right hemicolon,Major Resection,Primary Treatment,Major Resection
H07,H07 Other excision of right hemicolon,H07,H07 Other excision of right hemicolon,Major Resection,Primary Treatment,Major Resection
H071,H07.1 Right hemicolectomy and end to end anastomosis of ileum to colon,H07,H07 Other excision of right hemicolon,Major Resection,Primary Treatment,Major Resection
H072,H07.2 Right hemicolectomy and side to side anastomosis of ileum to transverse colon,H07,H07 Other excision of right hemicolon,Major Resection,Primary Treatment,Major Resection
H073,H07.3 Right hemicolectomy and anastomosis NEC,H07,H07 Other excision of right hemicolon,Major Resection,Primary Treatment,Major Resection
H074,H07.4 Right hemicolectomy and ileostomy HFQ,H07,H07 Other excision of right hemicolon,Major Resection,Primary Treatment,Major Resection
H075,H07.5 Right hemicolectomy and end to side anastomosis,H07,H07 Other excision of right hemicolon,Major Resection,Primary Treatment,Major Resection
H078,H07.8 Other specified other excision of right hemicolon,H07,H07 Other excision of right hemicolon,Major Resection,Primary Treatment,Major Resection
H079,H07.9 Unspecified other excision of right hemicolon,H07,H07 Other excision of right hemicolon,Major Resection,Primary Treatment,Major Resection
H08,H08 Excision of transverse colon,H08,H08 Excision of transverse colon,Major Resection,Primary Treatment,Major Resection
H081,H08.1 Transverse colectomy and end to end anastomosis,H08,H08 Excision of transverse colon,Major Resection,Primary Treatment,Major Resection
H082,H08.2 Transverse colectomy and anastomosis of ileum to colon,H08,H08 Excision of transverse colon,Major Resection,Primary Treatment,Major Resection
H083,H08.3 Transverse colectomy and anastomosis NEC,H08,H08 Excision of transverse colon,Major Resection,Primary Treatment,Major Resection
H084,H08.4 Transverse colectomy and ileostomy HFQ,H08,H08 Excision of transverse colon,Major Resection,Primary Treatment,Major Resection
H085,H08.5 Transverse colectomy and exteriorisation of bowel NEC,H08,H08 Excision of transverse colon,Major Resection,Primary Treatment,Major Resection
H086,H08.6 Transverse colectomy and end to side anastomosis,H08,H08 Excision of transverse colon,Major Resection,Primary Treatment,Major Resection
H088,H08.8 Other specified excision of transverse colon,H08,H08 Excision of transverse colon,Major Resection,Primary Treatment,Major Resection
H089,H08.9 Unspecified excision of transverse colon,H08,H08 Excision of transverse colon,Major Resection,Primary Treatment,Major Resection
H09,H09 Excision of left hemicolon,H09,H09 Excision of left hemicolon,Major Resection,Primary Treatment,Major Resection
H091,H09.1 Left hemicolectomy and end to end anastomosis of colon to rectum,H09,H09 Excision of left hemicolon,Major Resection,Primary Treatment,Major Resection
H092,H09.2 Left hemicolectomy and end to end anastomosis of colon to colon,H09,H09 Excision of left hemicolon,Major Resection,Primary Treatment,Major Resection
H093,H09.3 Left hemicolectomy and anastomosis NEC,H09,H09 Excision of left hemicolon,Major Resection,Primary Treatment,Major Resection
H094,H09.4 Left hemicolectomy and ileostomy HFQ,H09,H09 Excision of left hemicolon,Major Resection,Primary Treatment,Major Resection
H095,H09.5 Left hemicolectomy and exteriorisation of bowel NEC,H09,H09 Excision of left hemicolon,Major Resection,Primary Treatment,Major Resection
H096,H09.6 Left hemicolectomy and end to side anastomosis,H09,H09 Excision of left hemicolon,Major Resection,Primary Treatment,Major Resection
H098,H09.8 Other specified excision of left hemicolon,H09,H09 Excision of left hemicolon,Major Resection,Primary Treatment,Major Resection
H099,H09.9 Unspecified excision of left hemicolon,H09,H09 Excision of left hemicolon,Major Resection,Primary Treatment,Major Resection
H10,H10 Excision of sigmoid colon,H10,H10 Excision of sigmoid colon,Major Resection,Primary Treatment,Major Resection
H101,H10.1 Sigmoid colectomy and end to end anastomosis of ileum to rectum,H10,H10 Excision of sigmoid colon,Major Resection,Primary Treatment,Major Resection
H102,H10.2 Sigmoid colectomy and anastomosis of colon to rectum,H10,H10 Excision of sigmoid colon,Major Resection,Primary Treatment,Major Resection
H103,H10.3 Sigmoid colectomy and anastomosis NEC,H10,H10 Excision of sigmoid colon,Major Resection,Primary Treatment,Major Resection
H104,H10.4 Sigmoid colectomy and ileostomy HFQ,H10,H10 Excision of sigmoid colon,Major Resection,Primary Treatment,Major Resection
H105,H10.5 Sigmoid colectomy and exteriorisation of bowel NEC,H10,H10 Excision of sigmoid colon,Major Resection,Primary Treatment,Major Resection
H106,H10.6 Sigmoid colectomy and end to side anastomosis,H10,H10 Excision of sigmoid colon,Major Resection,Primary Treatment,Major Resection
H108,H10.8 Other specified excision of sigmoid colon,H10,H10 Excision of sigmoid colon,Major Resection,Primary Treatment,Major Resection
H109,H10.9 Unspecified excision of sigmoid colon,H10,H10 Excision of sigmoid colon,Major Resection,Primary Treatment,Major Resection
H11,H11 Other excision of colon,H11,H11 Other excision of colon,Major Resection,Primary Treatment,Major Resection
H111,H11.1 Colectomy and end to end anastomosis of colon to colon NEC,H11,H11 Other excision of colon,Major Resection,Primary Treatment,Major Resection
H112,H11.2 Colectomy and side to side anastomosis of ileum to colon NEC,H11,H11 Other excision of colon,Major Resection,Primary Treatment,Major Resection
H113,H11.3 Colectomy and anastomosis NEC,H11,H11 Other excision of colon,Major Resection,Primary Treatment,Major Resection
H114,H11.4 Colectomy and ileostomy NEC,H11,H11 Other excision of colon,Major Resection,Primary Treatment,Major Resection
H115,H11.5 Colectomy and exteriorisation of bowel NEC,H11,H11 Other excision of colon,Major Resection,Primary Treatment,Major Resection
H116,H11.6 Colectomy and end to side anastomosis NEC,H11,H11 Other excision of colon,Major Resection,Primary Treatment,Major Resection
H118,H11.8 Other specified other excision of colon,H11,H11 Other excision of colon,Major Resection,Primary Treatment,Major Resection
H119,H11.9 Unspecified other excision of colon,H11,H11 Other excision of colon,Major Resection,Primary Treatment,Major Resection
H12,H12 Extirpation of lesion of colon,H12,H12 Extirpation of lesion of colon,Minor Resection,Primary Treatment,
H121,H12.1 Excision of diverticulum of colon,H12,H12 Extirpation of lesion of colon,Minor Resection,Primary Treatment,
H122,H12.2 Excision of lesion of colon NEC,H12,H12 Extirpation of lesion of colon,Minor Resection,Primary Treatment,Minor Resection
H123,H12.3 Destruction of lesion of colon NEC,H12,H12 Extirpation of lesion of colon,Minor Resection,Primary Treatment,Minor Resection
H128,H12.8 Other specified extirpation of lesion of colon,H12,H12 Extirpation of lesion of colon,Minor Resection,Primary Treatment,Minor Resection
H129,H12.9 Unspecified extirpation of lesion of colon,H12,H12 Extirpation of lesion of colon,Minor Resection,Primary Treatment,Minor Resection
H13,H13 Bypass of colon,H13,H13 Bypass of colon,Bypass,Primary Treatment,Bypass
H131,H13.1 Bypass of colon by anastomosis of ileum to colon,H13,H13 Bypass of colon,Bypass,Primary Treatment,Bypass
H132,H13.2 Bypass of colon by anastomosis of caecum to sigmoid colon,H13,H13 Bypass of colon,Bypass,Primary Treatment,Bypass
H133,H13.3 Bypass of colon by anastomosis of transverse colon to sigmoid colon,H13,H13 Bypass of colon,Bypass,Primary Treatment,Bypass
H134,H13.4 Bypass of colon by anastomosis of transverse colon to rectum,H13,H13 Bypass of colon,Bypass,Primary Treatment,Bypass
H135,H13.5 Bypass of colon by anastomosis of colon to rectum NEC,H13,H13 Bypass of colon,Bypass,Primary Treatment,Bypass
H138,H13.8 Other specified bypass of colon,H13,H13 Bypass of colon,Bypass,Primary Treatment,Bypass
H139,H13.9 Unspecified bypass of colon,H13,H13 Bypass of colon,Bypass,Primary Treatment,Bypass
H14,H14 Exteriorisation of caecum,H14,H14 Exteriorisation of caecum,Stoma,Primary Treatment,
H141,H14.1 Tube caecostomy,H14,H14 Exteriorisation of caecum,Stoma,Primary Treatment,Stoma
H142,H14.2 Refashioning of caecostomy,H14,H14 Exteriorisation of caecum,Stoma,Primary Treatment,
H143,H14.3 Closure of caecostomy,H14,H14 Exteriorisation of caecum,Stoma,Primary Treatment,Closure of stoma
H144,H14.4 Appendicocaecostomy,H14,H14 Exteriorisation of caecum,Stoma,Primary Treatment,Stoma
H148,H14.8 Other specified exteriorisation of caecum,H14,H14 Exteriorisation of caecum,Stoma,Primary Treatment,Stoma
H149,H14.9 Unspecified exteriorisation of caecum,H14,H14 Exteriorisation of caecum,Stoma,Primary Treatment,Stoma
H15,H15 Other exteriorisation of colon,H15,H15 Other exteriorisation of colon,Stoma,Primary Treatment,
H151,H15.1 Loop colostomy,H15,H15 Other exteriorisation of colon,Stoma,Primary Treatment,Stoma
H152,H15.2 End colostomy,H15,H15 Other exteriorisation of colon,Stoma,Primary Treatment,Stoma
H153,H15.3 Refashioning of colostomy,H15,H15 Other exteriorisation of colon,Stoma,Primary Treatment,
H154,H15.4 Closure of colostomy,H15,H15 Other exteriorisation of colon,Stoma,Primary Treatment,Closure of stoma
H155,H15.5 Dilation of colostomy,H15,H15 Other exteriorisation of colon,Stoma,Primary Treatment,
H156,H15.6 Reduction of prolapse of colostomy,H15,H15 Other exteriorisation of colon,Stoma,Primary Treatment,
H157,H15.7 Percutaneous endoscopic sigmoid colostomy,H15,H15 Other exteriorisation of colon,Stoma,Primary Treatment,Stoma
H158,H15.8 Other specified other exteriorisation of colon,H15,H15 Other exteriorisation of colon,Stoma,Primary Treatment,Stoma
H159,H15.9 Unspecified other exteriorisation of colon,H15,H15 Other exteriorisation of colon,Stoma,Primary Treatment,Stoma
H16,H16 Incision of colon,H16,H16 Incision of colon,Other operation on colon,Primary Treatment,
H161,H16.1 Drainage of colon,H16,H16 Incision of colon,Other operation on colon,Primary Treatment,
H162,H16.2 Caecotomy,H16,H16 Incision of colon,Other operation on colon,Primary Treatment,
H163,H16.3 Colotomy,H16,H16 Incision of colon,Other operation on colon,Primary Treatment,
H168,H16.8 Other specified incision of colon,H16,H16 Incision of colon,Other operation on colon,Primary Treatment,
H169,H16.9 Unspecified incision of colon,H16,H16 Incision of colon,Other operation on colon,Primary Treatment,
H17,H17 Intra-abdominal manipulation of colon,H17,H17 Intra-abdominal manipulation of colon,Other operation on colon,Primary Treatment,
H171,H17.1 Open reduction of intussusception of colon,H17,H17 Intra-abdominal manipulation of colon,Other operation on colon,Primary Treatment,
H172,H17.2 Open reduction of volvulus of caecum,H17,H17 Intra-abdominal manipulation of colon,Other operation on colon,Primary Treatment,
H173,H17.3 Open reduction of volvulus of sigmoid colon,H17,H17 Intra-abdominal manipulation of colon,Other operation on colon,Primary Treatment,
H174,H17.4 Open reduction of volvulus of colon NEC,H17,H17 Intra-abdominal manipulation of colon,Other operation on colon,Primary Treatment,
H175,H17.5 Open relief of strangulation of colon,H17,H17 Intra-abdominal manipulation of colon,Other operation on colon,Primary Treatment,
H176,H17.6 Open relief of obstruction of colon NEC,H17,H17 Intra-abdominal manipulation of colon,Other operation on colon,Primary Treatment,
H178,H17.8 Other specified intra-abdominal manipulation of colon,H17,H17 Intra-abdominal manipulation of colon,Other operation on colon,Primary Treatment,
H179,H17.9 Unspecified intra-abdominal manipulation of colon,H17,H17 Intra-abdominal manipulation of colon,Other operation on colon,Primary Treatment,
H18,H18 Open endoscopic operations on colon,H18,H18 Open endoscopic operations on colon,Minor Resection,Primary Treatment,Minor Resection
H181,H18.1 Open colonoscopy,H18,H18 Open endoscopic operations on colon,Minor Resection,Primary Treatment,Minor Resection
H188,H18.8 Other specified open endoscopic operations on colon,H18,H18 Open endoscopic operations on colon,Minor Resection,Primary Treatment,Minor Resection
H189,H18.9 Unspecified open endoscopic operations on colon,H18,H18 Open endoscopic operations on colon,Minor Resection,Primary Treatment,Minor Resection
H19,H19 Other open operations on colon,H19,H19 Other open operations on colon,Other operation on colon,Primary Treatment,
H191,H19.1 Open biopsy of lesion of colon,H19,H19 Other open operations on colon,Other operation on colon,Primary Treatment,
H192,H19.2 Fixation of colon,H19,H19 Other open operations on colon,Other operation on colon,Primary Treatment,
H193,H19.3 Enterorrhaphy of colon,H19,H19 Other open operations on colon,Other operation on colon,Primary Treatment,
H194,H19.4 Open removal of foreign body from colon,H19,H19 Other open operations on colon,Other operation on colon,Primary Treatment,
H198,H19.8 Other specified other open operations on colon,H19,H19 Other open operations on colon,Other operation on colon,Primary Treatment,
H199,H19.9 Unspecified other open operations on colon,H19,H19 Other open operations on colon,Other operation on colon,Primary Treatment,
H20,H20 Endoscopic extirpation of lesion of colon,H20,H20 Endoscopic extirpation of lesion of colon,Minor Resection,Primary Treatment,Minor Resection
H201,H20.1 Fibreoptic endoscopic snare resection of lesion of colon,H20,H20 Endoscopic extirpation of lesion of colon,Minor Resection,Primary Treatment,Minor Resection
H202,H20.2 Fibreoptic endoscopic cauterisation of lesion of colon,H20,H20 Endoscopic extirpation of lesion of colon,Minor Resection,Primary Treatment,Minor Resection
H203,H20.3 Fibreoptic endoscopic laser destruction of lesion of colon,H20,H20 Endoscopic extirpation of lesion of colon,Minor Resection,Primary Treatment,Minor Resection
H204,H20.4 Fibreoptic endoscopic destruction of lesion of colon NEC,H20,H20 Endoscopic extirpation of lesion of colon,Minor Resection,Primary Treatment,Minor Resection
H205,H20.5 Fibreoptic endoscopic submucosal resection of lesion of colon,H20,H20 Endoscopic extirpation of lesion of colon,Minor Resection,Primary Treatment,Minor Resection
H206,H20.6 Fibreoptic endoscopic resection of lesion of colon NEC,H20,H20 Endoscopic extirpation of lesion of colon,Minor Resection,Primary Treatment,Minor Resection
H207,H20.7 Fibreoptic endoscopic mucosal resection of lesion of colon,H20,H20 Endoscopic extirpation of lesion of colon,Minor Resection,Primary Treatment,Minor Resection
H208,H20.8 Other specified endoscopic extirpation of lesion of colon,H20,H20 Endoscopic extirpation of lesion of colon,Minor Resection,Primary Treatment,Minor Resection
H209,H20.9 Unspecified endoscopic extirpation of lesion of colon,H20,H20 Endoscopic extirpation of lesion of colon,Minor Resection,Primary Treatment,
H21,H21 Other therapeutic endoscopic operations on colon,H21,H21 Other therapeutic endoscopic operations on colon,Minor Resection,Primary Treatment,
H211,H21.1 Fibreoptic endoscopic dilation of colon,H21,H21 Other therapeutic endoscopic operations on colon,Other operation on colon,Primary Treatment,
H212,H21.2 Fibreoptic endoscopic coagulation of blood vessel of colon,H21,H21 Other therapeutic endoscopic operations on colon,Minor Resection,Primary Treatment,
H213,H21.3 Fibreoptic endoscopic removal of foreign body from colon,H21,H21 Other therapeutic endoscopic operations on colon,Minor Resection,Primary Treatment,
H214,H21.4 Fibreoptic endoscopic insertion of expanding metal stent into colon,H21,H21 Other therapeutic endoscopic operations on colon,Minor Resection,Primary Treatment,Stent
H215,H21.5 Fibreoptic endoscopic decompression of colon,H21,H21 Other therapeutic endoscopic operations on colon,Minor Resection,Primary Treatment,
H218,H21.8 Other specified other therapeutic endoscopic operations on colon,H21,H21 Other therapeutic endoscopic operations on colon,Minor Resection,Primary Treatment,
H219,H21.9 Unspecified other therapeutic endoscopic operations on colon,H21,H21 Other therapeutic endoscopic operations on colon,Minor Resection,Primary Treatment,
H22,H22 Diagnostic endoscopic examination of colon,H22,H22 Diagnostic endoscopic examination of colon,Diagnostic endoscope of lower GI ,Testing,
H221,H22.1 Diagnostic fibreoptic endoscopic examination of colon and biopsy of lesion of colon,H22,H22 Diagnostic endoscopic examination of colon,Diagnostic endoscope of lower GI ,Testing,
H228,H22.8 Other specified diagnostic endoscopic examination of colon,H22,H22 Diagnostic endoscopic examination of colon,Diagnostic endoscope of lower GI ,Testing,
H229,H22.9 Unspecified diagnostic endoscopic examination of colon,H22,H22 Diagnostic endoscopic examination of colon,Diagnostic endoscope of lower GI ,Testing,
H23,H23 Endoscopic extirpation of lesion of lower bowel using fibreoptic sigmoidoscope,H23,H23 Endoscopic extirpation of lesion of lower bowel using fibreoptic sigmoidoscope,Minor Resection,Primary Treatment,Minor Resection
H231,H23.1 Endoscopic snare resection of lesion of lower bowel using fibreoptic sigmoidoscope,H23,H23 Endoscopic extirpation of lesion of lower bowel using fibreoptic sigmoidoscope,Minor Resection,Primary Treatment,Minor Resection
H232,H23.2 Endoscopic cauterisation of lesion of lower bowel using fibreoptic sigmoidoscope,H23,H23 Endoscopic extirpation of lesion of lower bowel using fibreoptic sigmoidoscope,Minor Resection,Primary Treatment,Minor Resection
H233,H23.3 Endoscopic laser destruction of lesion of lower bowel using fibreoptic sigmoidoscope,H23,H23 Endoscopic extirpation of lesion of lower bowel using fibreoptic sigmoidoscope,Minor Resection,Primary Treatment,Minor Resection
H234,H23.4 Endoscopic destruction of lesion of lower bowel using fibreoptic sigmoidoscope NEC,H23,H23 Endoscopic extirpation of lesion of lower bowel using fibreoptic sigmoidoscope,Minor Resection,Primary Treatment,Minor Resection
H235,H23.5 Endoscopic submucosal resection of lesion of lower bowel using fibreoptic sigmoidoscope,H23,H23 Endoscopic extirpation of lesion of lower bowel using fibreoptic sigmoidoscope,Minor Resection,Primary Treatment,Minor Resection
H236,H23.6 Endoscopic resection of lesion of lower bowel using fibreoptic sigmoidoscope NEC,H23,H23 Endoscopic extirpation of lesion of lower bowel using fibreoptic sigmoidoscope,Minor Resection,Primary Treatment,Minor Resection
H237,H23.7 Endoscopic mucosal resection of lesion of lower bowel using fibreoptic sigmoidoscope,H23,H23 Endoscopic extirpation of lesion of lower bowel using fibreoptic sigmoidoscope,Minor Resection,Primary Treatment,Minor Resection
H238,H23.8 Other specified endoscopic extirpation of lesion of lower bowel using fibreoptic sigmoidoscope,H23,H23 Endoscopic extirpation of lesion of lower bowel using fibreoptic sigmoidoscope,Minor Resection,Primary Treatment,Minor Resection
H239,H23.9 Unspecified endoscopic extirpation of lesion of lower bowel using fibreoptic sigmoidoscope,H23,H23 Endoscopic extirpation of lesion of lower bowel using fibreoptic sigmoidoscope,Minor Resection,Primary Treatment,Minor Resection
H24,H24 Other therapeutic endoscopic operations on lower bowel using fibreoptic sigmoidoscope,H24,H24 Other therapeutic endoscopic operations on lower bowel using fibreoptic sigmoidoscope,,,
H241,H24.1  Endoscopic dilation of lower bowel using fibreoptic sigmoidoscope ,H24,H24 Other therapeutic endoscopic operations on lower bowel using fibreoptic sigmoidoscope,Other operation on colon,,
H242,H24.2  Endoscopic coagulation of blood vessel of lower bowel using fibreoptic sigmoidoscope ,H24,H24 Other therapeutic endoscopic operations on lower bowel using fibreoptic sigmoidoscope,Other operation on colon,,
H243,H24.3  Endoscopic insertion of tubal prosthesis into lower bowel using fibreoptic sigmoidoscope ,H24,H24 Other therapeutic endoscopic operations on lower bowel using fibreoptic sigmoidoscope,Stent,,Stent
H244,H24.4  Endoscopic insertion of expanding metal stent into lower bowel using fibreoptic sigmoidoscope ,H24,H24 Other therapeutic endoscopic operations on lower bowel using fibreoptic sigmoidoscope,Stent,,Stent
H245,H24.5  Endoscopic decompression of lower bowel using fibreoptic sigmoidoscope ,H24,H24 Other therapeutic endoscopic operations on lower bowel using fibreoptic sigmoidoscope,Other operation on colon,,
H248,H24.8  Other specified ,H24,H24 Other therapeutic endoscopic operations on lower bowel using fibreoptic sigmoidoscope,Other operation on colon,,
H249,H24.9  Unspecified,H24,H24 Other therapeutic endoscopic operations on lower bowel using fibreoptic sigmoidoscope,Other operation on colon,,
H25,H25 Diagnostic endoscopic examination of lower bowel using fibreoptic sigmoidoscope,H25,H25 Diagnostic endoscopic examination of lower bowel using fibreoptic sigmoidoscope,Diagnostic endoscope of lower GI ,Testing,
H251,H25.1 Diagnostic endoscopic examination of lower bowel and biopsy of lesion of lower bowel using fibreoptic sigmoidoscope,H25,H25 Diagnostic endoscopic examination of lower bowel using fibreoptic sigmoidoscope,Diagnostic endoscope of lower GI ,Testing,
H252,H25.2 Diagnostic endoscopic examination of lower bowel and sampling for bacterial overgrowth using fibreoptic sigmoidoscope,H25,H25 Diagnostic endoscopic examination of lower bowel using fibreoptic sigmoidoscope,Diagnostic endoscope of lower GI ,Testing,
H258,H25.8 Other specified diagnostic endoscopic examination of lower bowel using fibreoptic sigmoidoscope,H25,H25 Diagnostic endoscopic examination of lower bowel using fibreoptic sigmoidoscope,Diagnostic endoscope of lower GI ,Testing,
H259,H25.9 Unspecified diagnostic endoscopic examination of lower bowel using fibreoptic sigmoidoscope,H25,H25 Diagnostic endoscopic examination of lower bowel using fibreoptic sigmoidoscope,Diagnostic endoscope of lower GI ,Testing,
H26,H26 Endoscopic extirpation of lesion of sigmoid colon using rigid sigmoidoscope,H26,H26 Endoscopic extirpation of lesion of sigmoid colon using rigid sigmoidoscope,Minor Resection,Primary Treatment,Minor Resection
H261,H26.1 Endoscopic snare resection of lesion of sigmoid colon using rigid sigmoidoscope,H26,H26 Endoscopic extirpation of lesion of sigmoid colon using rigid sigmoidoscope,Minor Resection,Primary Treatment,Minor Resection
H262,H26.2 Endoscopic cauterisation of lesion of sigmoid colon using rigid sigmoidoscope,H26,H26 Endoscopic extirpation of lesion of sigmoid colon using rigid sigmoidoscope,Minor Resection,Primary Treatment,Minor Resection
H263,H26.3 Endoscopic laser destruction of lesion of sigmoid colon using rigid sigmoidoscope,H26,H26 Endoscopic extirpation of lesion of sigmoid colon using rigid sigmoidoscope,Minor Resection,Primary Treatment,Minor Resection
H264,H26.4 Endoscopic cryotherapy to lesion of sigmoid colon using rigid sigmoidoscope,H26,H26 Endoscopic extirpation of lesion of sigmoid colon using rigid sigmoidoscope,Minor Resection,Primary Treatment,Minor Resection
H265,H26.5 Endoscopic destruction of lesion of sigmoid colon using rigid sigmoidoscope NEC,H26,H26 Endoscopic extirpation of lesion of sigmoid colon using rigid sigmoidoscope,Minor Resection,Primary Treatment,Minor Resection
H266,H26.6 Endoscopic submucosal resection of lesion of sigmoid colon using rigid sigmoidoscope,H26,H26 Endoscopic extirpation of lesion of sigmoid colon using rigid sigmoidoscope,Minor Resection,Primary Treatment,Minor Resection
H267,H26.7 Endoscopic resection of lesion of sigmoid colon using rigid sigmoidoscope NEC,H26,H26 Endoscopic extirpation of lesion of sigmoid colon using rigid sigmoidoscope,Minor Resection,Primary Treatment,Minor Resection
H268,H26.8 Other specified endoscopic extirpation of lesion of sigmoid colon using rigid sigmoidoscope,H26,H26 Endoscopic extirpation of lesion of sigmoid colon using rigid sigmoidoscope,Minor Resection,Primary Treatment,Minor Resection
H269,H26.9 Unspecified endoscopic extirpation of lesion of sigmoid colon using rigid sigmoidoscope,H26,H26 Endoscopic extirpation of lesion of sigmoid colon using rigid sigmoidoscope,Minor Resection,Primary Treatment,Minor Resection
H27,Other therapeutic endoscopic operations on sigmoid colon using rigid sigmoidoscope,H27,H27 Other therapeutic endoscopic operations on sigmoid colon using rigid sigmoidoscope,,,
H271,H27.1  Endoscopic dilation of sigmoid colon using rigid sigmoidoscope ,H27,H27 Other therapeutic endoscopic operations on sigmoid colon using rigid sigmoidoscope,Other operation on colon,,
H272,H27.2  Endoscopic removal of foreign body from sigmoid colon using rigid sigmoidoscope ,H27,H27 Other therapeutic endoscopic operations on sigmoid colon using rigid sigmoidoscope,Other operation on colon,,
H273,H27.3  Endoscopic insertion of tubal prosthesis into sigmoid colon using rigid sigmoidoscope ,H27,H27 Other therapeutic endoscopic operations on sigmoid colon using rigid sigmoidoscope,Stent,,Stent
H274,H27.4  Endoscopic insertion of expanding metal stent into sigmoid colon using rigid sigmoidoscope ,H27,H27 Other therapeutic endoscopic operations on sigmoid colon using rigid sigmoidoscope,Stent,,Stent
H275,H27.5  Endoscopic decompression of sigmoid colon using rigid sigmoidoscope ,H27,H27 Other therapeutic endoscopic operations on sigmoid colon using rigid sigmoidoscope,Other operation on colon,,
H278,H27.8  Other specified ,H27,H27 Other therapeutic endoscopic operations on sigmoid colon using rigid sigmoidoscope,Other operation on colon,,
H279,H27.9  Unspecified ,H27,H27 Other therapeutic endoscopic operations on sigmoid colon using rigid sigmoidoscope,Other operation on colon,,
H28,H28 Diagnostic endoscopic examination of sigmoid colon using rigid sigmoidoscope,H28,H28 Diagnostic endoscopic examination of sigmoid colon using rigid sigmoidoscope,Diagnostic endoscope of lower GI ,Testing,
H281,H28.1 Diagnostic endoscopic examination of sigmoid colon and biopsy of lesion of sigmoid colon using rigid sigmoidoscope,H28,H28 Diagnostic endoscopic examination of sigmoid colon using rigid sigmoidoscope,Diagnostic endoscope of lower GI ,Testing,
H288,H28.8 Other specified diagnostic endoscopic examination of sigmoid colon using rigid sigmoidoscope,H28,H28 Diagnostic endoscopic examination of sigmoid colon using rigid sigmoidoscope,Diagnostic endoscope of lower GI ,Testing,
H289,H28.9 Unspecified diagnostic endoscopic examination of sigmoid colon using rigid sigmoidoscope,H28,H28 Diagnostic endoscopic examination of sigmoid colon using rigid sigmoidoscope,Diagnostic endoscope of lower GI ,Testing,
H29,H29 Subtotal excision of colon,H29,H29 Subtotal excision of colon,Major Resection,Primary Treatment,
H291,H29.1 Subtotal excision of colon and rectum and creation of colonic pouch and anastomosis of colon to anus,H29,H29 Subtotal excision of colon,Major Resection,Primary Treatment,Major Resection
H292,H29.2 Subtotal excision of colon and rectum and creation of colonic pouch NEC,H29,H29 Subtotal excision of colon,Major Resection,Primary Treatment,Major Resection
H293,H29.3 Subtotal excision of colon and creation of colonic pouch and anastomosis of colon to rectum,H29,H29 Subtotal excision of colon,Major Resection,Primary Treatment,Major Resection
H294,H29.4 Subtotal excision of colon and creation of colonic pouch NEC,H29,H29 Subtotal excision of colon,Major Resection,Primary Treatment,Major Resection
H295,H29.5 Subtotal excision of colon and anastomosis of colon to ileum,H29,H29 Subtotal excision of colon,Major Resection,Primary Treatment,
H298,H29.8 Other specified subtotal excision of colon,H29,H29 Subtotal excision of colon,Major Resection,Primary Treatment,Major Resection
H299,H29.9 Unspecified subtotal excision of colon,H29,H29 Subtotal excision of colon,Major Resection,Primary Treatment,Major Resection
H30,H30 Other operations on colon,H30,H30 Other operations on colon,Major Resection,Primary Treatment,
H301,H30.1 Radiological reduction of intussusception of colon using barium enema,H30,H30 Other operations on colon,Major Resection,Primary Treatment,
H302,H30.2 Intubation of colon for pressure manometry,H30,H30 Other operations on colon,Major Resection,Primary Treatment,
H303,H30.3 Passage of flatus tube to reduce volvulus of sigmoid colon,H30,H30 Other operations on colon,Major Resection,Primary Treatment,
H304,H30.4 Intubation of colon NEC,H30,H30 Other operations on colon,Major Resection,Primary Treatment,
H305,H30.5 Irrigation of colon,H30,H30 Other operations on colon,Major Resection,Primary Treatment,
H308,H30.8 Other specified other operations on colon,H30,H30 Other operations on colon,Major Resection,Primary Treatment,Major Resection
H309,H30.9 Unspecified other operations on colon,H30,H30 Other operations on colon,Major Resection,Primary Treatment,Major Resection
H31,H31 Image guided colorectal therapeutic operations ,H31,H31 Image guided colorectal therapeutic operations ,Minor Resection,,
H311,H31.1  Image guided percutaneous occlusion of colorectal fistula ,H31,H31 Image guided colorectal therapeutic operations ,Minor Resection,,
H312,H31.2  Image guided transluminal occlusion of colorectal fistula ,H31,H31 Image guided colorectal therapeutic operations ,Minor Resection,,
H313,H31.3  Image guided balloon dilation of colorectal stricture ,H31,H31 Image guided colorectal therapeutic operations ,Minor Resection,,
H314,H31.4  Image guided insertion of colorectal stent ,H31,H31 Image guided colorectal therapeutic operations ,Stent,,Stent
H315,H31.5  Image guided removal of colorectal stent ,H31,H31 Image guided colorectal therapeutic operations ,Stent,,
H318,H31.8  Other specified ,H31,H31 Image guided colorectal therapeutic operations ,Minor Resection,,
H319,H31.9  Unspecified ,H31,H31 Image guided colorectal therapeutic operations ,Minor Resection,,
H32,H32 Exteriorisation of colon,H32,H32 Exteriorisation of colon,Major Resection,Primary Treatment,
H321,H32.1 Resiting of colostomy,H33,H32 Exteriorisation of colon,Major Resection,Primary Treatment,
H328,H32.8 Other specified,H34,H32 Exteriorisation of colon,Major Resection,Primary Treatment,Major Resection
H329,H32.9 Unspecified,H35,H32 Exteriorisation of colon,Major Resection,Primary Treatment,Major Resection
H33,H33 Excision of rectum,H33,H33 Excision of rectum,Major Resection,Primary Treatment,Major Resection
H331,H33.1 Abdominoperineal excision of rectum and end colostomy,H33,H33 Excision of rectum,Major Resection,Primary Treatment,Major Resection
H332,H33.2 Proctectomy and anastomosis of colon to anus,H33,H33 Excision of rectum,Major Resection,Primary Treatment,Major Resection
H333,H33.3 Anterior resection of rectum and anastomosis of colon to rectum using staples,H33,H33 Excision of rectum,Major Resection,Primary Treatment,Major Resection
H334,H33.4 Anterior resection of rectum and anastomosis NEC,H33,H33 Excision of rectum,Major Resection,Primary Treatment,Major Resection
H335,H33.5 Rectosigmoidectomy and closure of rectal stump and exteriorisation of bowel,H33,H33 Excision of rectum,Major Resection,Primary Treatment,Major Resection
H336,H33.6 Anterior resection of rectum and exteriorisation of bowel,H33,H33 Excision of rectum,Major Resection,Primary Treatment,Major Resection
H337,H33.7 Perineal resection of rectum HFQ,H33,H33 Excision of rectum,Major Resection,Primary Treatment,Major Resection
H338,H33.8 Other specified excision of rectum,H33,H33 Excision of rectum,Major Resection,Primary Treatment,Major Resection
H339,H33.9 Unspecified excision of rectum,H33,H33 Excision of rectum,Major Resection,Primary Treatment,Major Resection
H341,H34.1  Open excision of lesion of rectum ,H34,H34 Open extirpation of lesion of rectum ,Major Resection,Primary Treatment,Major Resection
H348,H34.8  Other specified ,H34,H34 Open extirpation of lesion of rectum ,Major Resection,Primary Treatment,Major Resection
H349,H34.9  Unspecified ,H34,H34 Open extirpation of lesion of rectum ,Major Resection,Primary Treatment,Major Resection
H37,H37 Other endoscopic extirpation of lesion of sigmoid colon using rigid sigmoidoscope,H37,H37 Other endoscopic extirpation of lesion of sigmoid colon using rigid sigmoidoscope,Minor Resection,Primary Treatment,Minor Resection
H371,H37.1 Endoscopic mucosal resection of lesion of sigmoid colon using rigid sigmoidoscope,H37,H37 Other endoscopic extirpation of lesion of sigmoid colon using rigid sigmoidoscope,Minor Resection,Primary Treatment,Minor Resection
H378,H37.8 Other specified other endoscopic extirpation of lesion of sigmoid colon using rigid sigmoidoscope,H37,H37 Other endoscopic extirpation of lesion of sigmoid colon using rigid sigmoidoscope,Minor Resection,Primary Treatment,Minor Resection
H379,H37.9 Unspecified other endoscopic extirpation of lesion of sigmoid colon using rigid sigmoidoscope,H37,H37 Other endoscopic extirpation of lesion of sigmoid colon using rigid sigmoidoscope,Minor Resection,Primary Treatment,Minor Resection
H40,H40 Operations on rectum through anal sphincter,H40,H40 Operations on rectum through anal sphincter,Minor Resection,Primary Treatment,
H401,H40.1 Trans-sphincteric excision of mucosa of rectum,H40,H40 Operations on rectum through anal sphincter,Minor Resection,Primary Treatment,Minor Resection
H402,H40.2 Trans-sphincteric excision of lesion of rectum,H40,H40 Operations on rectum through anal sphincter,Minor Resection,Primary Treatment,Minor Resection
H403,H40.3 Trans-sphincteric destruction of lesion of rectum,H40,H40 Operations on rectum through anal sphincter,Minor Resection,Primary Treatment,Minor Resection
H404,H40.4 Trans-sphincteric anastomosis of colon to anus,H40,H40 Operations on rectum through anal sphincter,Minor Resection,Primary Treatment,Major Resection
H408,H40.8 Other specified operations on rectum through anal sphincter,H40,H40 Operations on rectum through anal sphincter,Minor Resection,Primary Treatment,Minor Resection
H409,H40.9 Unspecified operations on rectum through anal sphincter,H40,H40 Operations on rectum through anal sphincter,Minor Resection,Primary Treatment,Minor Resection
H41,H41 Other operations on rectum through anus,H41,H41 Other operations on rectum through anus,Minor Resection,Primary Treatment,
H411,H41.1 Rectosigmoidectomy and peranal anastomosis,H41,H41 Other operations on rectum through anus,Minor Resection,Primary Treatment,Major Resection
H412,H41.2 Peranal excision of lesion of rectum,H41,H41 Other operations on rectum through anus,Minor Resection,Primary Treatment,Minor Resection
H413,H41.3 Peranal destruction of lesion of rectum,H41,H41 Other operations on rectum through anus,Minor Resection,Primary Treatment,Minor Resection
H414,H41.4 Peranal mucosal proctectomy and endoanal anastomosis,H41,H41 Other operations on rectum through anus,Minor Resection,Primary Treatment,Major Resection
H415,H41.5 Peranal resection of rectum using staples,H41,H41 Other operations on rectum through anus,Minor Resection,Primary Treatment,Major Resection
H418,H41.8 Other specified other operations on rectum through anus,H41,H41 Other operations on rectum through anus,Minor Resection,Primary Treatment,Minor Resection
H419,H41.9 Unspecified other operations on rectum through anus,H41,H41 Other operations on rectum through anus,Minor Resection,Primary Treatment,Minor Resection
H42,H42 Perineal operations for prolapse of rectum,H42,H42 Perineal operations for prolapse of rectum,Other operation on colon,Primary Treatment,
H421,H42.1 Insertion of encircling suture around perianal sphincter,H42,H42 Perineal operations for prolapse of rectum,Other operation on colon,Primary Treatment,
H422,H42.2 Perineal plication of levator ani muscles and anal sphincters,H42,H42 Perineal operations for prolapse of rectum,Other operation on colon,Primary Treatment,
H423,H42.3 Insertion of supralevator sling,H42,H42 Perineal operations for prolapse of rectum,Other operation on colon,Primary Treatment,
H424,H42.4 Removal of encircling suture from around perianal sphincter,H42,H42 Perineal operations for prolapse of rectum,Other operation on colon,Primary Treatment,
H425,H42.5 Excision of mucosal prolapse of rectum NEC,H42,H42 Perineal operations for prolapse of rectum,Other operation on colon,Primary Treatment,
H426,H42.6 Perineal repair of prolapse of rectum NEC,H42,H42 Perineal operations for prolapse of rectum,Other operation on colon,Primary Treatment,
H427,H42.7 Rubber band ligation of prolapsed rectal mucosa,H42,H42 Perineal operations for prolapse of rectum,Other operation on colon,Primary Treatment,
H428,H42.8 Other specified perineal operations for prolapse of rectum,H42,H42 Perineal operations for prolapse of rectum,Other operation on colon,Primary Treatment,
H429,H42.9 Unspecified perineal operations for prolapse of rectum,H42,H42 Perineal operations for prolapse of rectum,Other operation on colon,Primary Treatment,
H44,H44 Manipulation of rectum,H44,H44 Manipulation of rectum,Other operation on colon,Primary Treatment,
H441,H44.1 Manual removal of foreign body from rectum,H44,H44 Manipulation of rectum,Other operation on colon,Primary Treatment,
H442,H44.2 Manual reduction of prolapse of rectum,H44,H44 Manipulation of rectum,Other operation on colon,Primary Treatment,
H443,H44.3 Manual evacuation of impacted faeces from rectum,H44,H44 Manipulation of rectum,Other operation on colon,Primary Treatment,
H444,H44.4 Examination of rectum under anaesthetic,H44,H44 Manipulation of rectum,Other operation on colon,Primary Treatment,
H445,H44.5 Massage of rectum,H44,H44 Manipulation of rectum,Other operation on colon,Primary Treatment,
H448,H44.8 Other specified manipulation of rectum,H44,H44 Manipulation of rectum,Other operation on colon,Primary Treatment,
H449,H44.9 Unspecified manipulation of rectum,H44,H44 Manipulation of rectum,Other operation on colon,Primary Treatment,
H46,H46 Other operations on rectum,H46,H46 Other operations on rectum,Minor Resection,Primary Treatment,
H461,H46.1 Radiological reduction of intussusception of rectum using barium enema,H46,H46 Other operations on rectum,Minor Resection,Primary Treatment,
H462,H46.2 Hydrostatic reduction of intussusception of rectum,H46,H46 Other operations on rectum,Minor Resection,Primary Treatment,
H463,H46.3 Intubation of rectum for pressure manometry,H46,H46 Other operations on rectum,Minor Resection,Primary Treatment,
H464,H46.4 Intubation of rectum NEC,H46,H46 Other operations on rectum,Minor Resection,Primary Treatment,
H468,H46.8 Other specified other operations on rectum,H46,H46 Other operations on rectum,Minor Resection,Primary Treatment,Minor Resection
H469,H46.9 Unspecified other operations on rectum,H46,H46 Other operations on rectum,Minor Resection,Primary Treatment,Minor Resection
H47,H47 Excision of anus ,H47,H47 Excision of anus ,Major Resection,Primary Treatment,Major Resection
H471,H47.1  Excision of sphincter of anus ,H48,H47 Excision of anus ,Major Resection,Primary Treatment,Major Resection
H478,H47.8  Other specified ,H49,H47 Excision of anus ,Major Resection,Primary Treatment,Major Resection
H479,H47.9  Unspecified ,H50,H47 Excision of anus ,Major Resection,Primary Treatment,Major Resection
H48,H48 Excision of lesion of anus,H48,H48 Excision of lesion of anus,Minor Resection,Primary Treatment,Minor Resection
H481,H48.1 Excision of polyp of anus,H48,H48 Excision of lesion of anus,Minor Resection,Primary Treatment,Minor Resection
H482,H48.2 Excision of skin tag of anus,H48,H48 Excision of lesion of anus,Minor Resection,Primary Treatment,Minor Resection
H483,H48.3 Excision of perianal wart,H48,H48 Excision of lesion of anus,Minor Resection,Primary Treatment,Minor Resection
H488,H48.8 Other specified excision of lesion of anus,H48,H48 Excision of lesion of anus,Minor Resection,Primary Treatment,Minor Resection
H489,H48.9 Unspecified excision of lesion of anus,H48,H48 Excision of lesion of anus,Minor Resection,Primary Treatment,Minor Resection
H49,H49 Destruction of lesion of anus,H49,H49 Destruction of lesion of anus,Minor Resection,Primary Treatment,Minor Resection
H491,H49.1 Cauterisation of lesion of anus,H49,H49 Destruction of lesion of anus,Minor Resection,Primary Treatment,
H492,H49.2 Laser destruction of lesion of anus,H49,H49 Destruction of lesion of anus,Minor Resection,Primary Treatment,
H493,H49.3 Cryotherapy to lesion of anus,H49,H49 Destruction of lesion of anus,Minor Resection,Primary Treatment,
H498,H49.8 Other specified destruction of lesion of anus,H49,H49 Destruction of lesion of anus,Minor Resection,Primary Treatment,Minor Resection
H499,H49.9 Unspecified destruction of lesion of anus,H49,H49 Destruction of lesion of anus,Minor Resection,Primary Treatment,Minor Resection
H50,H50 Repair of anus,H50,H50 Repair of anus,Other operation on colon,Primary Treatment,
H501,H50.1 Posterior repair of anal sphincter,H50,H50 Repair of anus,Other operation on colon,Primary Treatment,
H502,H50.2 Anterior repair of anal sphincter,H50,H50 Repair of anus,Other operation on colon,Primary Treatment,
H503,H50.3 Cutback of covered anus,H50,H50 Repair of anus,Other operation on colon,Primary Treatment,
H504,H50.4 Reanastomosis of rectum to anal canal for correction of congenital atresia of rectum,H50,H50 Repair of anus,Other operation on colon,Primary Treatment,
H508,H50.8 Other specified repair of anus,H50,H50 Repair of anus,Other operation on colon,Primary Treatment,
H509,H50.9 Unspecified repair of anus,H50,H50 Repair of anus,Other operation on colon,Primary Treatment,
H628,H62.8 Other specified,H62,H62 Other operations on bowel ,Major Resection,Primary Treatment,Major Resection
H629,H62.9  Unspecified,H62,H62 Other operations on bowel ,Major Resection,Primary Treatment,Major Resection
U08,U08 Diagnostic imaging of abdomen,U08,U08 Diagnostic imaging of abdomen,Diagnostic Imaging,Testing,
U081,U08.1 Computed tomography of abdomen NEC,U08,U08 Diagnostic imaging of abdomen,Diagnostic Imaging,Testing,
U082,U08.2 Ultrasound of abdomen,U08,U08 Diagnostic imaging of abdomen,Diagnostic Imaging,Testing,
U083,U08.3 Plain x-ray of abdomen,U08,U08 Diagnostic imaging of abdomen,Diagnostic Imaging,Testing,
U084,U08.4 Upper gastrointestinal imaging series,U08,U08 Diagnostic imaging of abdomen,Diagnostic Imaging,Testing,
U085,U08.5 Magnetic resonance imaging of abdomen,U08,U08 Diagnostic imaging of abdomen,Diagnostic Imaging,Testing,
U088,U08.8 Other specified diagnostic imaging of abdomen,U08,U08 Diagnostic imaging of abdomen,Diagnostic Imaging,Testing,
U089,U08.9 Unspecified diagnostic imaging of abdomen,U08,U08 Diagnostic imaging of abdomen,Diagnostic Imaging,Testing,
U09,U09 Diagnostic imaging of pelvis,U09,U09 Diagnostic imaging of pelvis,Diagnostic Imaging,Testing,
U091,U09.1 Computed tomography of pelvis,U09,U09 Diagnostic imaging of pelvis,Diagnostic Imaging,Testing,
U092,U09.2 Ultrasound of pelvis,U09,U09 Diagnostic imaging of pelvis,Diagnostic Imaging,Testing,
U093,U09.3 Magnetic resonance imaging of pelvis,U09,U09 Diagnostic imaging of pelvis,Diagnostic Imaging,Testing,
U098,U09.8 Other specified diagnostic imaging of pelvis,U09,U09 Diagnostic imaging of pelvis,Diagnostic Imaging,Testing,
U099,U09.9 Unspecified diagnostic imaging of pelvis,U09,U09 Diagnostic imaging of pelvis,Diagnostic Imaging,Testing,
U17,U17 Diagnostic imaging of digestive tract,U17,U17 Diagnostic imaging of digestive tract,Diagnostic Imaging,Testing,
U171,U17.1 Meckel's scan,U17,U17 Diagnostic imaging of digestive tract,Diagnostic Imaging,Testing,
U172,U17.2 Selenium 75 homocholic acid taurine study,U17,U17 Diagnostic imaging of digestive tract,Diagnostic Imaging,Testing,
U173,U17.3 Barium swallow,U17,U17 Diagnostic imaging of digestive tract,Diagnostic Imaging,Testing,
U174,U17.4 Barium enema,U17,U17 Diagnostic imaging of digestive tract,Diagnostic Imaging,Testing,
U175,U17.5 Computed tomography of colon,U17,U17 Diagnostic imaging of digestive tract,Diagnostic Imaging,Testing,
U176,U17.6 Patency capsule examination,U17,U17 Diagnostic imaging of digestive tract,Diagnostic Imaging,Testing,
U178,U17.8 Other specified diagnostic imaging of digestive tract,U17,U17 Diagnostic imaging of digestive tract,Diagnostic Imaging,Testing,
U179,U17.9 Unspecified diagnostic imaging of digestive tract,U17,U17 Diagnostic imaging of digestive tract,Diagnostic Imaging,Testing,
U21,U21 Diagnostic imaging procedures,U21,U21 Diagnostic imaging procedures,Diagnostic Imaging,Testing,
U211,U21.1 Magnetic resonance imaging NEC,U21,U21 Diagnostic imaging procedures,Diagnostic Imaging,Testing,
U212,U21.2 Computed tomography NEC,U21,U21 Diagnostic imaging procedures,Diagnostic Imaging,Testing,
U213,U21.3 Positron emission tomography NEC,U21,U21 Diagnostic imaging procedures,Diagnostic Imaging,Testing,
U214,U21.4 Single photon emission computed tomography NEC,U21,U21 Diagnostic imaging procedures,Diagnostic Imaging,Testing,
U215,U21.5 Contrast fluoroscopy NEC,U21,U21 Diagnostic imaging procedures,Diagnostic Imaging,Testing,
U216,U21.6 Ultrasound scan NEC,U21,U21 Diagnostic imaging procedures,Diagnostic Imaging,Testing,
U217,U21.7 Plain x-ray NEC,U21,U21 Diagnostic imaging procedures,Diagnostic Imaging,Testing,
U218,U21.8 Other specified diagnostic imaging procedures,U21,U21 Diagnostic imaging procedures,Diagnostic Imaging,Testing,
U219,U21.9 Unspecified diagnostic imaging procedures,U21,U21 Diagnostic imaging procedures,Diagnostic Imaging,Testing,
U32,U32 Diagnostic blood tests,U32,U32 Diagnostic blood tests,Blood Test,Testing,
U321,U32.1 Human Immunodeficiency Virus blood test,U32,U32 Diagnostic blood tests,Blood Test,Testing,
U328,U32.8 Other specified diagnostic blood tests,U32,U32 Diagnostic blood tests,Blood Test,Testing,
U329,U32.9 Unspecified diagnostic blood tests,U32,U32 Diagnostic blood tests,Blood Test,Testing,
U33,U33 Other diagnostic tests,U33,U33 Other diagnostic tests,Diagostic Testing,Testing,
U331,U33.1 Polysomnography,U34,U33 Other diagnostic tests,Diagostic Testing,Testing,
U332,U33.2 Application of ambulatory blood pressure monitor,U35,U33 Other diagnostic tests,Diagostic Testing,Testing,
U333,U33.3 Removal of ambulatory blood pressure monitor,U36,U33 Other diagnostic tests,Diagostic Testing,Testing,
U338,U33.8 Other specified other diagnostic tests,U37,U33 Other diagnostic tests,Diagostic Testing,Testing,
U339,U33.9 Unspecified other diagnostic tests,U38,U33 Other diagnostic tests,Diagostic Testing,Testing,
U36,U36 Other diagnostic imaging procedures,U36,U36 Other diagnostic imaging procedures,Diagnostic Imaging,Testing,
U361,U36.1 Thermography NEC,U36,U36 Other diagnostic imaging procedures,Diagnostic Imaging,Testing,
U362,U36.2 Positron emission tomography with computed tomography NEC,U36,U36 Other diagnostic imaging procedures,Diagnostic Imaging,Testing,
U363,U36.3 Single photon emission computed tomography with computed tomography NEC,U36,U36 Other diagnostic imaging procedures,Diagnostic Imaging,Testing,
U364,U36.4 Ultrasound elastography,U36,U36 Other diagnostic imaging procedures,Diagnostic Imaging,Testing,
U365,U36.5 Cone beam computed tomography NEC,U36,U36 Other diagnostic imaging procedures,Diagnostic Imaging,Testing,
U368,U36.8 Other specified other diagnostic imaging procedures,U36,U36 Other diagnostic imaging procedures,Diagnostic Imaging,Testing,
U369,U36.9 Unspecified other diagnostic imaging procedures,U36,U36 Other diagnostic imaging procedures,Diagnostic Imaging,Testing,
X14,X14 Clearance of pelvis,X14,X14 Clearance of pelvis,Major Resection,Primary Treatment,Major Resection
X141,X14.1 Total exenteration of pelvis,X14,X14 Clearance of pelvis,Major Resection,Primary Treatment,Major Resection
X142,X14.2 Anterior exenteration of pelvis,X14,X14 Clearance of pelvis,Major Resection,Primary Treatment,Major Resection
X143,X14.3 Posterior exenteration of pelvis,X14,X14 Clearance of pelvis,Major Resection,Primary Treatment,Major Resection
X144,X14.4 Pelvic side wall clearance,X14,X14 Clearance of pelvis,Major Resection,Primary Treatment,Major Resection
X148,X14.8 Other specified clearance of pelvis,X14,X14 Clearance of pelvis,Major Resection,Primary Treatment,Major Resection
X149,X14.9 Unspecified clearance of pelvis,X14,X14 Clearance of pelvis,Major Resection,Primary Treatment,Major Resection
X36,X36 Blood withdrawal,X36,X36 Blood withdrawal,Blood Test,Testing,
X361,X36.1 Blood donation,X36,X36 Blood withdrawal,Blood Test,Testing,
X362,X36.2 Venesection,X36,X36 Blood withdrawal,Blood Test,Testing,
X363,X36.3 Venous sampling,X36,X36 Blood withdrawal,Blood Test,Testing,
X364,X36.4 Autologous blood salvage,X36,X36 Blood withdrawal,Blood Test,Testing,
X368,X36.8 Other specified blood withdrawal,X36,X36 Blood withdrawal,Blood Test,Testing,
X369,X36.9 Unspecified blood withdrawal,X36,X36 Blood withdrawal,Blood Test,Testing,
X62,X62 Assessment,X62,X62 Assessment,Patient Assessment,Patient Assessment,
X621,X62.1 Assessment by uniprofessional team NEC,X62,X62 Assessment,Patient Assessment,Patient Assessment,
X622,X62.2 Assessment by multiprofessional team NEC,X62,X62 Assessment,Patient Assessment,Patient Assessment,
X623,X62.3 Assessment by multidisciplinary team NEC,X62,X62 Assessment,Patient Assessment,Patient Assessment,
X628,X62.8 Other specified assessment,X62,X62 Assessment,Patient Assessment,Patient Assessment,
X629,X62.9 Unspecified assessment,X62,X62 Assessment,Patient Assessment,Patient Assessment,
X65,X65 Radiotherapy delivery,X65,X65 Radiotherapy delivery,Radiotherapy,Primary Treatment,
X651,X65.1 Delivery of a fraction of total body irradiation,X65,X65 Radiotherapy delivery,Radiotherapy,Primary Treatment,
X652,X65.2 Delivery of a fraction of intracavitary radiotherapy,X65,X65 Radiotherapy delivery,Radiotherapy,Primary Treatment,
X653,X65.3 Delivery of a fraction of interstitial radiotherapy,X65,X65 Radiotherapy delivery,Radiotherapy,Primary Treatment,
X654,X65.4 Delivery of a fraction of external beam radiotherapy NEC,X65,X65 Radiotherapy delivery,Radiotherapy,Primary Treatment,
X655,X65.5 Oral delivery of radiotherapy for thyroid ablation,X65,X65 Radiotherapy delivery,Radiotherapy,Primary Treatment,
X656,X65.6 Delivery of a fraction of intraluminal brachytherapy,X65,X65 Radiotherapy delivery,Radiotherapy,Primary Treatment,
X657,X65.7 Delivery of radionuclide therapy NEC,X65,X65 Radiotherapy delivery,Radiotherapy,Primary Treatment,
X658,X65.8 Other specified radiotherapy delivery,X65,X65 Radiotherapy delivery,Radiotherapy,Primary Treatment,
X659,X65.9 Unspecified radiotherapy delivery,X65,X65 Radiotherapy delivery,Radiotherapy,Primary Treatment,
X67,X67 Preparation for external beam radiotherapy,X67,X67 Preparation for external beam radiotherapy,Radiotherapy,Primary Treatment,
X671,X67.1 Preparation for intensity modulated radiation therapy,X67,X67 Preparation for external beam radiotherapy,Radiotherapy,Primary Treatment,
X672,X67.2 Preparation for total body irradiation,X67,X67 Preparation for external beam radiotherapy,Radiotherapy,Primary Treatment,
X673,X67.3 Preparation for hemi body irradiation,X67,X67 Preparation for external beam radiotherapy,Radiotherapy,Primary Treatment,
X674,X67.4 Preparation for simple radiotherapy with imaging and dosimetry,X67,X67 Preparation for external beam radiotherapy,Radiotherapy,Primary Treatment,
X675,X67.5 Preparation for simple radiotherapy with imaging and simple calculation,X67,X67 Preparation for external beam radiotherapy,Radiotherapy,Primary Treatment,
X676,X67.6 Preparation for superficial radiotherapy with simple calculation,X67,X67 Preparation for external beam radiotherapy,Radiotherapy,Primary Treatment,
X677,X67.7 Preparation for complex conformal radiotherapy,X67,X67 Preparation for external beam radiotherapy,Radiotherapy,Primary Treatment,
X678,X67.8 Other specified preparation for external beam radiotherapy,X67,X67 Preparation for external beam radiotherapy,Radiotherapy,Primary Treatment,
X679,X67.9 Unspecified preparation for external beam radiotherapy,X67,X67 Preparation for external beam radiotherapy,Radiotherapy,Primary Treatment,
X69,X69 Other radiotherapy,X69,X69 Other radiotherapy,Radiotherapy,Primary Treatment,
X691,X69.1 Delivery of a fraction of hemi-body radiation,X69,X69 Other radiotherapy,Radiotherapy,Primary Treatment,
X692,X69.2 Delivery of a fraction of total skin radiotherapy,X69,X69 Other radiotherapy,Radiotherapy,Primary Treatment,
X698,X69.8 Other specified other radiotherapy,X69,X69 Other radiotherapy,Radiotherapy,Primary Treatment,
X699,X69.9 Unspecified other radiotherapy,X69,X69 Other radiotherapy,Radiotherapy,Primary Treatment,
X70,X70 Procurement of drugs for chemotherapy for neoplasm in Bands 1-5,X70,X70 Procurement of drugs for chemotherapy for neoplasm in Bands 1-5,Chemotherapy,Primary Treatment,
X701,X70.1 Procurement of drugs for chemotherapy for neoplasm for regimens in Band 1,X70,X70 Procurement of drugs for chemotherapy for neoplasm in Bands 1-5,Chemotherapy,Primary Treatment,
X702,X70.2 Procurement of drugs for chemotherapy for neoplasm for regimens in Band 2,X70,X70 Procurement of drugs for chemotherapy for neoplasm in Bands 1-5,Chemotherapy,Primary Treatment,
X703,X70.3 Procurement of drugs for chemotherapy for neoplasm for regimens in Band 3,X70,X70 Procurement of drugs for chemotherapy for neoplasm in Bands 1-5,Chemotherapy,Primary Treatment,
X704,X70.4 Procurement of drugs for chemotherapy for neoplasm for regimens in Band 4,X70,X70 Procurement of drugs for chemotherapy for neoplasm in Bands 1-5,Chemotherapy,Primary Treatment,
X705,X70.5 Procurement of drugs for chemotherapy for neoplasm for regimens in Band 5,X70,X70 Procurement of drugs for chemotherapy for neoplasm in Bands 1-5,Chemotherapy,Primary Treatment,
X708,X70.8 Other specified procurement of drugs for chemotherapy for neoplasm in Bands 1-5,X70,X70 Procurement of drugs for chemotherapy for neoplasm in Bands 1-5,Chemotherapy,Primary Treatment,
X709,X70.9 Unspecified procurement of drugs for chemotherapy for neoplasm in Bands 1-5,X70,X70 Procurement of drugs for chemotherapy for neoplasm in Bands 1-5,Chemotherapy,Primary Treatment,
X71,X71 Procurement of drugs for chemotherapy for neoplasm in Bands 6-10,X71,X71 Procurement of drugs for chemotherapy for neoplasm in Bands 6-10,Chemotherapy,Primary Treatment,
X711,X71.1 Procurement of drugs for chemotherapy for neoplasm for regimens in Band 6,X71,X71 Procurement of drugs for chemotherapy for neoplasm in Bands 6-10,Chemotherapy,Primary Treatment,
X712,X71.2 Procurement of drugs for chemotherapy for neoplasm for regimens in Band 7,X71,X71 Procurement of drugs for chemotherapy for neoplasm in Bands 6-10,Chemotherapy,Primary Treatment,
X713,X71.3 Procurement of drugs for chemotherapy for neoplasm for regimens in Band 8,X71,X71 Procurement of drugs for chemotherapy for neoplasm in Bands 6-10,Chemotherapy,Primary Treatment,
X714,X71.4 Procurement of drugs for chemotherapy for neoplasm for regimens in Band 9,X71,X71 Procurement of drugs for chemotherapy for neoplasm in Bands 6-10,Chemotherapy,Primary Treatment,
X715,X71.5 Procurement of drugs for chemotherapy for neoplasm for regimens in Band 10,X71,X71 Procurement of drugs for chemotherapy for neoplasm in Bands 6-10,Chemotherapy,Primary Treatment,
X718,X71.8 Other specified procurement of drugs for chemotherapy for neoplasm in Bands 6-10,X71,X71 Procurement of drugs for chemotherapy for neoplasm in Bands 6-10,Chemotherapy,Primary Treatment,
X719,X71.9 Unspecified procurement of drugs for chemotherapy for neoplasm in Bands 6-10,X71,X71 Procurement of drugs for chemotherapy for neoplasm in Bands 6-10,Chemotherapy,Primary Treatment,
X72,X72 Delivery of chemotherapy for neoplasm,X72,X72 Delivery of chemotherapy for neoplasm,Chemotherapy,Primary Treatment,
X721,X72.1 Delivery of complex chemotherapy for neoplasm including prolonged infusional treatment at first attendance,X72,X72 Delivery of chemotherapy for neoplasm,Chemotherapy,Primary Treatment,
X722,X72.2 Delivery of complex parenteral chemotherapy for neoplasm at first attendance,X72,X72 Delivery of chemotherapy for neoplasm,Chemotherapy,Primary Treatment,
X723,X72.3 Delivery of simple parenteral chemotherapy for neoplasm at first attendance,X72,X72 Delivery of chemotherapy for neoplasm,Chemotherapy,Primary Treatment,
X724,X72.4 Delivery of subsequent element of cycle of chemotherapy for neoplasm,X72,X72 Delivery of chemotherapy for neoplasm,Chemotherapy,Primary Treatment,
X728,X72.8 Other specified delivery of chemotherapy for neoplasm,X72,X72 Delivery of chemotherapy for neoplasm,Chemotherapy,Primary Treatment,
X729,X72.9 Unspecified delivery of chemotherapy for neoplasm,X72,X72 Delivery of chemotherapy for neoplasm,Chemotherapy,Primary Treatment,
X73,X73 Delivery of oral chemotherapy for neoplasm,X73,X73 Delivery of oral chemotherapy for neoplasm,Chemotherapy,Primary Treatment,
X731,X73.1 Delivery of exclusively oral chemotherapy for neoplasm,X73,X73 Delivery of oral chemotherapy for neoplasm,Chemotherapy,Primary Treatment,
X738,X73.8 Other specified delivery of oral chemotherapy for neoplasm,X73,X73 Delivery of oral chemotherapy for neoplasm,Chemotherapy,Primary Treatment,
X739,X73.9 Unspecified delivery of oral chemotherapy for neoplasm,X73,X73 Delivery of oral chemotherapy for neoplasm,Chemotherapy,Primary Treatment,
X74,X74 Other chemotherapy drugs,X74,X74 Other chemotherapy drugs,Chemotherapy,Primary Treatment,
X741,X74.1 Cancer hormonal treatment drugs Band 1,X74,X74 Other chemotherapy drugs,Chemotherapy,Primary Treatment,
X742,X74.2 Cancer supportive drugs Band 1,X74,X74 Other chemotherapy drugs,Chemotherapy,Primary Treatment,
X748,X74.8 Other specified,X74,X74 Other chemotherapy drugs,Chemotherapy,Primary Treatment,
X749,X74.9 Unspecified,X74,X74 Other chemotherapy drugs,Chemotherapy,Primary Treatment,
Y14,Y14 Placement of stent in organ NOC,Y14,Y14 Placement of stent in organ NOC,Stent,Primary Treatment,Stent
Y141,Y14.1 Insertion of expanding covered metal stent into organ NOC,Y14,Y14 Placement of stent in organ NOC,Stent,Primary Treatment,Stent
Y142,Y14.2 Insertion of expanding metal stent into organ NOC,Y14,Y14 Placement of stent in organ NOC,Stent,Primary Treatment,Stent
Y143,Y14.3 Insertion of metal stent into organ NOC,Y14,Y14 Placement of stent in organ NOC,Stent,Primary Treatment,Stent
Y144,Y14.4 Insertion of plastic stent into organ NOC,Y14,Y14 Placement of stent in organ NOC,Stent,Primary Treatment,Stent
Y145,Y14.5 Insertion of stent graft into organ NOC,Y14,Y14 Placement of stent in organ NOC,Stent,Primary Treatment,Stent
Y146,Y14.6 Insertion of biodegradable stent into organ NOC,Y14,Y14 Placement of stent in organ NOC,Stent,Primary Treatment,Stent
Y148,Y14.8 Other specified placement of stent in organ NOC,Y14,Y14 Placement of stent in organ NOC,Stent,Primary Treatment,Stent
Y149,Y14.9 Unspecified placement of stent in organ NOC,Y14,Y14 Placement of stent in organ NOC,Stent,Primary Treatment,Stent
Y15,Y15 Attention to stent in organ NOC,Y15,Y15 Attention to stent in organ NOC,Stent,Primary Treatment,
Y151,Y15.1 Maintenance of stent in organ NOC,Y15,Y15 Attention to stent in organ NOC,Stent,Primary Treatment,
Y152,Y15.2 Renewal of stent in organ NOC,Y15,Y15 Attention to stent in organ NOC,Stent,Primary Treatment,
Y153,Y15.3 Correction of displacement of stent NOC,Y15,Y15 Attention to stent in organ NOC,Stent,Primary Treatment,
Y154,Y15.4 Other resiting of stent in organ NOC,Y15,Y15 Attention to stent in organ NOC,Stent,Primary Treatment,
Y155,Y15.5 Conversion to stent in organ NOC,Y15,Y15 Attention to stent in organ NOC,Stent,Primary Treatment,Stent
Y156,Y15.6 Adjustment to stent in organ NOC,Y15,Y15 Attention to stent in organ NOC,Stent,Primary Treatment,
Y157,Y15.7 Removal of stent from organ NOC,Y15,Y15 Attention to stent in organ NOC,Stent,Primary Treatment,
Y158,Y15.8 Other specified attention to stent in organ NOC,Y15,Y15 Attention to stent in organ NOC,Stent,Primary Treatment,
Y159,Y15.9 Unspecified attention to stent in organ NOC,Y15,Y15 Attention to stent in organ NOC,Stent,Primary Treatment,
Y50,Y50 Approach through abdominal cavity,Y50,Y50 Approach through abdominal cavity,,,
Y501,Y50.1  Transperitoneal approach to spine ,Y51,Y50 Approach through abdominal cavity,,,
Y502,Y50.2  Laparotomy approach NEC ,Y52,Y50 Approach through abdominal cavity,Major Resection,Primary Treatment,Major Resection
Y503,Y50.3 Vaginal approach,Y53,Y50 Approach through abdominal cavity,,,
Y508,Y50.8 Other specified,Y54,Y50 Approach through abdominal cavity,Major Resection,Primary Treatment,Major Resection
Y509,Y50.9 Unspecified,Y55,Y50 Approach through abdominal cavity,Major Resection,Primary Treatment,Major Resection
Y70,Y70 Early operations NOC,Y70,Y70 Early operations NOC,Major Resection,Primary Treatment,
Y701,Y70.1 Emergency operations NOC,Y70,Y70 Early operations NOC,Major Resection,Primary Treatment,Major Resection
Y702,Y70.2 Immediate operations NOC,Y70,Y70 Early operations NOC,Major Resection,Primary Treatment,Major Resection
Y703,Y70.3 First stage of staged operations NOC,Y70,Y70 Early operations NOC,Major Resection,Primary Treatment,Major Resection
Y704,Y70.4 Primary operations NOC,Y70,Y70 Early operations NOC,Major Resection,Primary Treatment,Major Resection
Y705,Y70.5 Temporary operations,Y70,Y70 Early operations NOC,Major Resection,Primary Treatment,
Y708,Y70.8 Other specified early operations NOC,Y70,Y70 Early operations NOC,Major Resection,Primary Treatment,Major Resection
Y709,Y70.9 Unspecified early operations NOC,Y70,Y70 Early operations NOC,Major Resection,Primary Treatment,Major Resection
Y714,Y71.4  Failed minimal access approach converted to ope,Y71,Y71 Late operations NOC ,Major Resection,Primary Treatment,Major Resection
Y75,Y75 Minimal access to abdominal cavity,Y75,Y75 Minimal access to abdominal cavity,Major Resection,Primary Treatment,Major Resection
Y751,Y75.1 Laparoscopically assisted approach to abdominal cavity,Y75,Y75 Minimal access to abdominal cavity,Major Resection,Primary Treatment,Major Resection
Y752,Y75.2 Laparoscopic approach to abdominal cavity NEC,Y75,Y75 Minimal access to abdominal cavity,Major Resection,Primary Treatment,Major Resection
Y753,Y75.3 Robotic minimal access approach to abdominal cavity,Y75,Y75 Minimal access to abdominal cavity,Major Resection,Primary Treatment,Major Resection
Y754,Y75.4 Hand assisted minimal access approach to abdominal cavity,Y75,Y75 Minimal access to abdominal cavity,Major Resection,Primary Treatment,Major Resection
Y755,Y75.5 Laparoscopic ultrasonic approach to abdominal cavity,Y75,Y75 Minimal access to abdominal cavity,Major Resection,Primary Treatment,Major Resection
Y758,Y75.8 Other specified minimal access to abdominal cavity,Y75,Y75 Minimal access to abdominal cavity,Major Resection,Primary Treatment,Major Resection
Y759,Y75.9 Unspecified minimal access to abdominal cavity,Y75,Y75 Minimal access to abdominal cavity,Major Resection,Primary Treatment,Major Resection